1004,Amherst,Massachusetts,MA,Hampshire
1056,Ludlow,Massachusetts,MA,Hampden
1096,Williamsburg,Massachusetts,MA,Hampshire
1225,Cheshire,Massachusetts,MA,Berkshire
1330,Ashfield,Massachusetts,MA,Franklin
1432,Ayer,Massachusetts,MA,Middlesex
1515,East Brookfield,Massachusetts,MA,Worcester
1568,Upton,Massachusetts,MA,Worcester
1718,Acton,Massachusetts,MA,Middlesex
1815,Woburn,Massachusetts,MA,Middlesex
1880,Wakefield,Massachusetts,MA,Middlesex
1950,Newburyport,Massachusetts,MA,Essex
2050,Marshfield,Massachusetts,MA,Plymouth
2120,Roxbury Crossing,Massachusetts,MA,Suffolk
2155,Medford,Massachusetts,MA,Middlesex
2269,Quincy,Massachusetts,MA,Norfolk
2350,Monponsett,Massachusetts,MA,Plymouth
2459,Newton Center,Massachusetts,MA,Middlesex
2542,Buzzards Bay,Massachusetts,MA,Barnstable
2644,Forestdale,Massachusetts,MA,Barnstable
2715,Dighton,Massachusetts,MA,Bristol
2771,Seekonk,Massachusetts,MA,Bristol
2833,Hopkinton,Rhode Island,RI,Washington
2885,Warren,Rhode Island,RI,Bristol
2940,Providence,Rhode Island,RI,Providence
3076,Pelham,New Hampshire,NH,Hillsborough
3233,Elkins,New Hampshire,NH,Merrimack
3273,South Sutton,New Hampshire,NH,Merrimack
3447,Fitzwilliam,New Hampshire,NH,Cheshire
3588,Milan,New Hampshire,NH,Coos
3768,Lyme,New Hampshire,NH,Grafton
3824,Durham,New Hampshire,NH,Strafford
3860,North Conway,New Hampshire,NH,Carroll
3907,Ogunquit,Maine,ME,York
4034,Freeport,Maine,ME,Cumberland
4078,South Freeport,Maine,ME,Cumberland
4124,Portland,Maine,ME,Cumberland
4257,Mexico,Maine,ME,Oxford
4336,Augusta,Maine,ME,Kennebec
4415,Brownville Junction,Maine,ME,Piscataquis
4460,Medway,Maine,ME,Penobscot
4541,Chamberlain,Maine,ME,Lincoln
4613,Birch Harbor,Maine,ME,Hancock
4658,Milbridge,Maine,ME,Washington
4738,Crouseville,Maine,ME,Aroostook
4781,Wallagrass,Maine,ME,Aroostook
4918,Belgrade Lakes,Maine,ME,Kennebec
4955,New Sharon,Maine,ME,Franklin
5009,White River Junction,Vermont,VT,Windsor
5065,Sharon,Vermont,VT,Windsor
5154,Saxtons River,Vermont,VT,Windham
5354,Vernon,Vermont,VT,Windham
5453,Essex Junction,Vermont,VT,Chittenden
5489,Underhill,Vermont,VT,Chittenden
5663,Northfield,Vermont,VT,Washington
5741,East Poultney,Vermont,VT,Rutland
5819,Saint Johnsbury,Vermont,VT,Caledonia
5858,North Concord,Vermont,VT,Essex
6022,Collinsville,Connecticut,CT,Hartford
6064,Poquonock,Connecticut,CT,Hartford
6098,Winsted,Connecticut,CT,Litchfield
6142,Hartford,Connecticut,CT,Hartford
6243,East Killingly,Connecticut,CT,Windham
6332,Central Village,Connecticut,CT,Windham
6385,Waterford,Connecticut,CT,New London
6443,Madison,Connecticut,CT,New Haven
6492,Wallingford,Connecticut,CT,New Haven
6534,New Haven,Connecticut,CT,New Haven
6722,Waterbury,Connecticut,CT,New Haven
6792,Torrington,Connecticut,CT,Litchfield
6856,Norwalk,Connecticut,CT,Fairfield
6922,Stamford,Connecticut,CT,Fairfield
7031,North Arlington,New Jersey,NJ,Bergen
7069,Watchung,New Jersey,NJ,Union
7106,Newark,New Jersey,NJ,Essex
7308,Jersey City,New Jersey,NJ,Hudson
7452,Glen Rock,New Jersey,NJ,Bergen
7543,Paterson,New Jersey,NJ,Passaic
7656,Park Ridge,New Jersey,NJ,Bergen
7730,Hazlet,New Jersey,NJ,Monmouth
7820,Allamuchy,New Jersey,NJ,Warren
7856,Mount Arlington,New Jersey,NJ,Morris
7933,Gillette,New Jersey,NJ,Morris
8010,Beverly,New Jersey,NJ,Burlington
8048,Lumberton,New Jersey,NJ,Burlington
8081,Sicklerville,New Jersey,NJ,Camden
8205,Absecon,New Jersey,NJ,Atlantic
8270,Woodbine,New Jersey,NJ,Cape May
8349,Port Norris,New Jersey,NJ,Cumberland
8536,Plainsboro,New Jersey,NJ,Middlesex
8625,Trenton,New Jersey,NJ,Mercer
8741,Pine Beach,New Jersey,NJ,Ocean
8827,Hampton,New Jersey,NJ,Hunterdon
8872,Sayreville,New Jersey,NJ,Middlesex
10011,New York,New York,NY,New York
10045,New York,New York,NY,New York
10123,New York,New York,NY,New York
10171,New York,New York,NY,New York
10277,New York,New York,NY,New York
10461,Bronx,New York,NY,Bronx
10521,Croton On Hudson,New York,NY,Westchester
10573,Port Chester,New York,NY,Westchester
10708,Bronxville,New York,NY,Westchester
10940,Middletown,New York,NY,Orange
10988,Unionville,New York,NY,Orange
11101,Long Island City,New York,NY,Queens
11225,Brooklyn,New York,NY,Kings
11361,Bayside,New York,NY,Queens
11420,South Ozone Park,New York,NY,Queens
11547,Glenwood Landing,New York,NY,Nassau
11598,Woodmere,New York,NY,Nassau
11729,Deer Park,New York,NY,Suffolk
11769,Oakdale,New York,NY,Suffolk
11819,Hicksville,New York,NY,Nassau
11963,Sag Harbor,New York,NY,Suffolk
12031,Carlisle,New York,NY,Schoharie
12069,Fort Hunter,New York,NY,Montgomery
12122,Middleburgh,New York,NY,Schoharie
12164,Speculator,New York,NY,Hamilton
12202,Albany,New York,NY,Albany
12241,Albany,New York,NY,Albany
12406,Arkville,New York,NY,Delaware
12443,Hurley,New York,NY,Ulster
12482,South Cairo,New York,NY,Greene
12521,Craryville,New York,NY,Columbia
12564,Pawling,New York,NY,Dutchess
12721,Bloomingburg,New York,NY,Sullivan
12764,Narrowsburg,New York,NY,Sullivan
12812,Blue Mountain Lake,New York,NY,Hamilton
12851,Minerva,New York,NY,Essex
12912,Au Sable Forks,New York,NY,Clinton
12950,Lewis,New York,NY,Essex
12992,West Chazy,New York,NY,Clinton
13054,Durhamville,New York,NY,Oneida
13103,Mallory,New York,NY,Oswego
13144,Richland,New York,NY,Oswego
13214,Syracuse,New York,NY,Onondaga
13320,Cherry Valley,New York,NY,Otsego
13361,Jordanville,New York,NY,Herkimer
13437,Redfield,New York,NY,Oswego
13484,West Eaton,New York,NY,Madison
13619,Carthage,New York,NY,Jefferson
13654,Heuvelton,New York,NY,St. Lawrence
13690,Star Lake,New York,NY,St. Lawrence
13756,East Branch,New York,NY,Delaware
13810,Mount Vision,New York,NY,Otsego
13861,West Oneonta,New York,NY,Otsego
14034,Collins,New York,NY,Erie
14080,Holland,New York,NY,Erie
14135,Sheridan,New York,NY,Chautauqua
14213,Buffalo,New York,NY,Erie
14301,Niagara Falls,New York,NY,Niagara
14454,Geneseo,New York,NY,Livingston
14510,Mount Morris,New York,NY,Livingston
14548,Shortsville,New York,NY,Ontario
14609,Rochester,New York,NY,Monroe
14694,Rochester,New York,NY,Monroe
14738,Frewsburg,New York,NY,Chautauqua
14783,Steamburg,New York,NY,Cattaraugus
14830,Corning,New York,NY,Steuben
14872,Pine Valley,New York,NY,Chemung
15006,Bairdford,Pennsylvania,PA,Allegheny
15049,Harwick,Pennsylvania,PA,Allegheny
15086,Warrendale,Pennsylvania,PA,Allegheny
15143,Sewickley,Pennsylvania,PA,Allegheny
15227,Pittsburgh,Pennsylvania,PA,Allegheny
15267,Pittsburgh,Pennsylvania,PA,Allegheny
15327,Dilliner,Pennsylvania,PA,Greene
15365,Taylorstown,Pennsylvania,PA,Washington
15434,Elco,Pennsylvania,PA,Washington
15470,Ohiopyle,Pennsylvania,PA,Fayette
15537,Everett,Pennsylvania,PA,Bedford
15612,Alverton,Pennsylvania,PA,Westmoreland
15650,Latrobe,Pennsylvania,PA,Westmoreland
15690,Vandergrift,Pennsylvania,PA,Westmoreland
15736,Elderton,Pennsylvania,PA,Armstrong
15776,Sprankle Mills,Pennsylvania,PA,Jefferson
15861,Sinnamahoning,Pennsylvania,PA,Cameron
15940,Loretto,Pennsylvania,PA,Cambria
16025,Chicora,Pennsylvania,PA,Butler
16102,New Castle,Pennsylvania,PA,Lawrence
16148,Hermitage,Pennsylvania,PA,Mercer
16234,Limestone,Pennsylvania,PA,Clarion
16321,East Hickory,Pennsylvania,PA,Forest
16368,Irvine,Pennsylvania,PA,Warren
16432,Riceville,Pennsylvania,PA,Crawford
16544,Erie,Pennsylvania,PA,Erie
16641,Gallitzin,Pennsylvania,PA,Cambria
16679,Six Mile Run,Pennsylvania,PA,Bedford
16743,Port Allegany,Pennsylvania,PA,McKean
16843,Hyde,Pennsylvania,PA,Clearfield
16881,Woodland,Pennsylvania,PA,Clearfield
16947,Troy,Pennsylvania,PA,Bradford
17032,Halifax,Pennsylvania,PA,Dauphin
17064,Mount Gretna,Pennsylvania,PA,Lebanon
17102,Harrisburg,Pennsylvania,PA,Dauphin
17215,Burnt Cabins,Pennsylvania,PA,Fulton
17256,Shady Grove,Pennsylvania,PA,Franklin
17322,Felton,Pennsylvania,PA,York
17366,Windsor,Pennsylvania,PA,York
17528,Goodville,Pennsylvania,PA,Lancaster
17575,Silver Spring,Pennsylvania,PA,Lancaster
17729,Cross Fork,Pennsylvania,PA,Potter
17779,Woolrich,Pennsylvania,PA,Clinton
17853,Mount Pleasant Mills,Pennsylvania,PA,Snyder
17922,Auburn,Pennsylvania,PA,Schuylkill
17968,Sacramento,Pennsylvania,PA,Schuylkill
18038,Danielsville,Pennsylvania,PA,Northampton
18076,Red Hill,Pennsylvania,PA,Montgomery
18219,Conyngham,Pennsylvania,PA,Luzerne
18320,Analomink,Pennsylvania,PA,Monroe
18356,Shawnee On Delaware,Pennsylvania,PA,Monroe
18439,Lakewood,Pennsylvania,PA,Wayne
18502,Scranton,Pennsylvania,PA,Lackawanna
18626,Laporte,Pennsylvania,PA,Sullivan
18709,Luzerne,Pennsylvania,PA,Luzerne
18833,New Albany,Pennsylvania,PA,Bradford
18927,Hilltown,Pennsylvania,PA,Bucks
18969,Telford,Pennsylvania,PA,Montgomery
19025,Dresher,Pennsylvania,PA,Montgomery
19061,Marcus Hook,Pennsylvania,PA,Delaware
19101,Philadelphia,Pennsylvania,PA,Philadelphia
19134,Philadelphia,Pennsylvania,PA,Philadelphia
19178,Philadelphia,Pennsylvania,PA,Philadelphia
19339,Concordville,Pennsylvania,PA,Delaware
19381,West Chester,Pennsylvania,PA,Chester
19441,Harleysville,Pennsylvania,PA,Montgomery
19494,Valley Forge,Pennsylvania,PA,Chester
19544,Mount Aetna,Pennsylvania,PA,Berks
19708,Kirkwood,Delaware,DE,New Castle
19850,Wilmington,Delaware,DE,New Castle
19945,Frankford,Delaware,DE,Sussex
20006,Washington,District of Columbia,DC,District of Columbia
20045,Washington,District of Columbia,DC,District of Columbia
20090,Washington,District of Columbia,DC,District of Columbia
20138,Calverton,Virginia,VA,Fauquier
20178,Leesburg,Virginia,VA,Loudoun
20217,Washington,District of Columbia,DC,District of Columbia
20268,Washington,District of Columbia,DC,District of Columbia
20398,Washington Navy Yard,District of Columbia,DC,District of Columbia
20435,Washington,District of Columbia,DC,District of Columbia
20521,Washington,District of Columbia,DC,District of Columbia
20557,Washington,District of Columbia,DC,District of Columbia
20610,Barstow,Maryland,MD,Calvert
20656,Loveville,Maryland,MD,St. Mary's
20706,Lanham,Maryland,MD,Prince George's
20745,Oxon Hill,Maryland,MD,Prince George's
20783,Hyattsville,Maryland,MD,Prince George's
20848,Rockville,Maryland,MD,Montgomery
20894,Bethesda,Maryland,MD,Montgomery
21017,Belcamp,Maryland,MD,Harford
21061,Glen Burnie,Maryland,MD,Anne Arundel
21131,Phoenix,Maryland,MD,Baltimore
21213,Baltimore,Maryland,MD,Baltimore (city)
21264,Baltimore,Maryland,MD,Baltimore (city)
21521,Barton,Maryland,MD,Allegany
21620,Chestertown,Maryland,MD,Kent
21658,Queenstown,Maryland,MD,Queen Anne's
21715,Brownsville,Maryland,MD,Washington
21770,Monrovia,Maryland,MD,Frederick
21817,Crisfield,Maryland,MD,Somerset
21874,Willards,Maryland,MD,Wicomico
22036,Fairfax,Virginia,VA,Fairfax
22134,Quantico,Virginia,VA,Prince William
22211,Fort Myer,Virginia,VA,Arlington
22314,Alexandria,Virginia,VA,City of Alexandria
22456,Edwardsville,Virginia,VA,Northumberland
22538,Rappahannock Academy,Virginia,VA,Caroline
22620,Boyce,Virginia,VA,Clarke
22714,Brandy Station,Virginia,VA,Culpeper
22801,Harrisonburg,Virginia,VA,City of Harrisonburg
22902,Charlottesville,Virginia,VA,Charlottesville (city)
22959,North Garden,Virginia,VA,Albemarle
23030,Charles City,Virginia,VA,Charles City
23083,Jetersville,Virginia,VA,Amelia
23129,Oilville,Virginia,VA,Goochland
23185,Williamsburg,Virginia,VA,James City
23260,Richmond,Virginia,VA,City of Richmond
23315,Carrsville,Virginia,VA,Isle of Wight
23408,Marionville,Virginia,VA,Northampton
23443,Townsend,Virginia,VA,Northampton
23506,Norfolk,Virginia,VA,Norfolk (city)
23664,Hampton,Virginia,VA,Hampton (city)
23829,Capron,Virginia,VA,Southampton
23878,Sedley,Virginia,VA,Southampton
23938,Dundas,Virginia,VA,Lunenburg
24010,Roanoke,Virginia,VA,Roanoke (city)
24053,Ararat,Virginia,VA,Patrick
24092,Glade Hill,Virginia,VA,Franklin
24146,Redwood,Virginia,VA,Franklin
24217,Bee,Virginia,VA,Dickenson
24279,Pound,Virginia,VA,Wise
24351,Lambsburg,Virginia,VA,Carroll
24438,Glen Wilton,Virginia,VA,Botetourt
24502,Lynchburg,Virginia,VA,Lynchburg (city)
24554,Gladys,Virginia,VA,Campbell
24602,Bandy,Virginia,VA,Tazewell
24701,Bluefield,West Virginia,WV,Mercer
24829,Eckman,West Virginia,WV,McDowell
24878,Premier,West Virginia,WV,McDowell
24954,Marlinton,West Virginia,WV,Pocahontas
25031,Boomer,West Virginia,WV,Fayette
25086,Glasgow,West Virginia,WV,Kanawha
25143,Nitro,West Virginia,WV,Kanawha
25211,Widen,West Virginia,WV,Clay
25301,Charleston,West Virginia,WV,Kanawha
25339,Charleston,West Virginia,WV,Kanawha
25430,Kearneysville,West Virginia,WV,Jefferson
25530,Kenova,West Virginia,WV,Wayne
25624,Henlawson,West Virginia,WV,Logan
25688,North Matewan,West Virginia,WV,Mingo
25727,Huntington,West Virginia,WV,Cabell
25839,Fairdale,West Virginia,WV,Raleigh
25906,Piney View,West Virginia,WV,Raleigh
25981,Quinwood,West Virginia,WV,Greenbrier
26104,Parkersburg,West Virginia,WV,Wood
26181,Washington,West Virginia,WV,Wood
26263,Dryfork,West Virginia,WV,Randolph
26327,Berea,West Virginia,WV,Ritchie
26415,Pennsboro,West Virginia,WV,Ritchie
26520,Arthurdale,West Virginia,WV,Preston
26585,Metz,West Virginia,WV,Marion
26684,Pool,West Virginia,WV,Nicholas
26812,Mathias,West Virginia,WV,Hardy
27022,Lawsonville,North Carolina,NC,Stokes
27107,Winston Salem,North Carolina,NC,Forsyth
27217,Burlington,North Carolina,NC,Alamance
27288,Eden,North Carolina,NC,Rockingham
27344,Siler City,North Carolina,NC,Chatham
27415,Greensboro,North Carolina,NC,Guilford
27518,Cary,North Carolina,NC,Wake
27556,Middleburg,North Carolina,NC,Vance
27602,Raleigh,North Carolina,NC,Wake
27656,Raleigh,North Carolina,NC,Wake
27806,Aurora,North Carolina,NC,Beaufort
27839,Halifax,North Carolina,NC,Halifax
27874,Scotland Neck,North Carolina,NC,Halifax
27920,Buxton,North Carolina,NC,Dare
27960,Ocracoke,North Carolina,NC,Hyde
28020,Casar,North Carolina,NC,Cleveland
28077,High Shoals,North Carolina,NC,Gaston
28120,Mount Holly,North Carolina,NC,Gaston
28173,Waxhaw,North Carolina,NC,Union
28232,Charlotte,North Carolina,NC,Mecklenburg
28280,Charlotte,North Carolina,NC,Mecklenburg
28327,Carthage,North Carolina,NC,Moore
28363,Marston,North Carolina,NC,Richmond
28398,Warsaw,North Carolina,NC,Duplin
28442,Hallsboro,North Carolina,NC,Columbus
28501,Kinston,North Carolina,NC,Lenoir
28541,Jacksonville,North Carolina,NC,Onslow
28584,Swansboro,North Carolina,NC,Onslow
28628,Glen Alpine,North Carolina,NC,Burke
28663,Piney Creek,North Carolina,NC,Alleghany
28699,Scotts,North Carolina,NC,Iredell
28734,Franklin,North Carolina,NC,Macon
28768,Pisgah Forest,North Carolina,NC,Transylvania
28814,Asheville,North Carolina,NC,Buncombe
29042,Denmark,South Carolina,SC,Bamberg
29102,Manning,South Carolina,SC,Clarendon
29150,Sumter,South Carolina,SC,Sumter
29214,Columbia,South Carolina,SC,Richland
29321,Buffalo,South Carolina,SC,Union
29374,Pauline,South Carolina,SC,Spartanburg
29425,Charleston,South Carolina,SC,Charleston
29469,Pinopolis,South Carolina,SC,Berkeley
29525,Clio,South Carolina,SC,Marlboro
29576,Murrells Inlet,South Carolina,SC,Georgetown
29612,Greenville,South Carolina,SC,Greenville
29648,Greenwood,South Carolina,SC,Greenwood
29684,Starr,South Carolina,SC,Anderson
29727,Mount Croghan,South Carolina,SC,Chesterfield
29829,Graniteville,South Carolina,SC,Aiken
29909,Okatie,South Carolina,SC,Jasper
30002,Avondale Estates,Georgia,GA,DeKalb
30036,Decatur,Georgia,GA,DeKalb
30074,Redan,Georgia,GA,DeKalb
30108,Bowdon,Georgia,GA,Carroll
30144,Kennesaw,Georgia,GA,Cobb
30183,Waleska,Georgia,GA,Cherokee
30251,Luthersville,Georgia,GA,Meriwether
30292,Williamson,Georgia,GA,Pike
30327,Atlanta,Georgia,GA,Fulton
30364,Atlanta,Georgia,GA,Fulton
30427,Glennville,Georgia,GA,Tattnall
30475,Vidalia,Georgia,GA,Toombs
30536,Ellijay,Georgia,GA,Gilmer
30576,Tiger,Georgia,GA,Rabun
30635,Elberton,Georgia,GA,Elbert
30708,Cisco,Georgia,GA,Murray
30802,Appling,Georgia,GA,Columbia
30912,Augusta,Georgia,GA,Richmond
31027,East Dublin,Georgia,GA,Laurens
31063,Montezuma,Georgia,GA,Dooly
31098,Warner Robins,Georgia,GA,Houston
31220,Macon,Georgia,GA,Bibb
31333,Walthourville,Georgia,GA,Liberty
31522,Saint Simons Island,Georgia,GA,Glynn
31564,Waresboro,Georgia,GA,Ware
31642,Pearson,Georgia,GA,Atkinson
31743,De Soto,Georgia,GA,Sumter
31791,Sylvester,Georgia,GA,Worth
31832,Weston,Georgia,GA,Webster
32034,Fernandina Beach,Florida,FL,Nassau
32082,Ponte Vedra Beach,Florida,FL,Saint Johns
32127,Port Orange,Florida,FL,Volusia
32174,Ormond Beach,Florida,FL,Volusia
32217,Jacksonville,Florida,FL,Duval
32257,Jacksonville,Florida,FL,Duval
32329,Apalachicola,Florida,FL,Franklin
32402,Panama City,Florida,FL,Bay
32442,Grand Ridge,Florida,FL,Jackson
32514,Pensacola,Florida,FL,Escambia
32566,Navarre,Florida,FL,Santa Rosa
32621,Bronson,Florida,FL,Levy
32692,Suwannee,Florida,FL,Dixie
32733,Goldenrod,Florida,FL,Seminole
32779,Longwood,Florida,FL,Seminole
32819,Orlando,Florida,FL,Orange
32872,Orlando,Florida,FL,Orange
32934,Melbourne,Florida,FL,Brevard
33001,Long Key,Florida,FL,Monroe
33037,Key Largo,Florida,FL,Monroe
33082,Pembroke Pines,Florida,FL,Broward
33140,Miami Beach,Florida,FL,Miami-Dade
33175,Miami,Florida,FL,Miami-Dade
33242,Miami,Florida,FL,Miami-Dade
33318,Fort Lauderdale,Florida,FL,Broward
33402,West Palm Beach,Florida,FL,Palm Beach
33435,Boynton Beach,Florida,FL,Palm Beach
33475,Hobe Sound,Florida,FL,Martin
33537,Lacoochee,Florida,FL,Pasco
33583,Seffner,Florida,FL,Hillsborough
33621,Tampa,Florida,FL,Hillsborough
33685,Tampa,Florida,FL,Hillsborough
33741,Saint Petersburg,Florida,FL,Pinellas
33784,Saint Petersburg,Florida,FL,Pinellas
33844,Haines City,Florida,FL,Polk
33883,Winter Haven,Florida,FL,Polk
33928,Estero,Florida,FL,Lee
33976,Lehigh Acres,Florida,FL,Lee
34138,Chokoloskee,Florida,FL,Collier
34230,Sarasota,Florida,FL,Sarasota
34282,Bradenton,Florida,FL,Manatee
34453,Inverness,Florida,FL,Citrus
34607,Spring Hill,Florida,FL,Hernando
34689,Tarpon Springs,Florida,FL,Pinellas
34758,Kissimmee,Florida,FL,Osceola
34973,Okeechobee,Florida,FL,Okeechobee
35023,Bessemer,Alabama,AL,Jefferson
35072,Goodwater,Alabama,AL,Coosa
35128,Pell City,Alabama,AL,St. Clair
35186,Wilsonville,Alabama,AL,Shelby
35233,Birmingham,Alabama,AL,Jefferson
35401,Tuscaloosa,Alabama,AL,Tuscaloosa
35473,Northport,Alabama,AL,Tuscaloosa
35559,Glen Allen,Alabama,AL,Fayette
35613,Athens,Alabama,AL,Limestone
35672,Town Creek,Alabama,AL,Lawrence
35768,Scottsboro,Alabama,AL,Jackson
35901,Gadsden,Alabama,AL,Etowah
35980,Horton,Alabama,AL,Marshall
36034,Glenwood,Alabama,AL,Crenshaw
36079,Troy,Alabama,AL,Pike
36123,Montgomery,Alabama,AL,Montgomery
36265,Jacksonville,Alabama,AL,Calhoun
36323,Elba,Alabama,AL,Coffee
36439,Excel,Alabama,AL,Monroe
36507,Bay Minette,Alabama,AL,Baldwin
36551,Loxley,Alabama,AL,Baldwin
36604,Mobile,Alabama,AL,Mobile
36701,Selma,Alabama,AL,Dallas
36767,Orrville,Alabama,AL,Dallas
36861,Jacksons Gap,Alabama,AL,Tallapoosa
37014,Arrington,Tennessee,TN,Williamson
37051,Cumberland Furnace,Tennessee,TN,Dickson
37087,Lebanon,Tennessee,TN,Wilson
37142,Palmyra,Tennessee,TN,Montgomery
37190,Woodbury,Tennessee,TN,Cannon
37236,Nashville,Tennessee,TN,Davidson
37325,Delano,Tennessee,TN,Polk
37360,Normandy,Tennessee,TN,Bedford
37401,Chattanooga,Tennessee,TN,Hamilton
37621,Bristol,Tennessee,TN,Sullivan
37701,Alcoa,Tennessee,TN,Blount
37752,Harrogate,Tennessee,TN,Claiborne
37815,Morristown,Tennessee,TN,Hamblen
37865,Seymour,Tennessee,TN,Sevier
37918,Knoxville,Tennessee,TN,Knox
38014,Brunswick,Tennessee,TN,Shelby
38057,Moscow,Tennessee,TN,Fayette
38116,Memphis,Tennessee,TN,Shelby
38167,Memphis,Tennessee,TN,Shelby
38237,Martin,Tennessee,TN,Weakley
38324,Clarksburg,Tennessee,TN,Carroll
38363,Parsons,Tennessee,TN,Decatur
38453,Dellrose,Tennessee,TN,Lincoln
38505,Cookeville,Tennessee,TN,Putnam
38574,Monterey,Tennessee,TN,Putnam
38629,Falkner,Mississippi,MS,Tippah
38670,Sledge,Mississippi,MS,Tunica
38744,Glen Allan,Mississippi,MS,Washington
38821,Amory,Mississippi,MS,Monroe
38866,Saltillo,Mississippi,MS,Lee
38940,Holcomb,Mississippi,MS,Grenada
39044,Braxton,Mississippi,MS,Simpson
39094,Lena,Mississippi,MS,Leake
39157,Ridgeland,Mississippi,MS,Madison
39203,Jackson,Mississippi,MS,Hinds
39303,Meridian,Mississippi,MS,Lauderdale
39359,Sebastopol,Mississippi,MS,Scott
39455,Lumberton,Mississippi,MS,Lamar
39529,Stennis Space Center,Mississippi,MS,Hancock
39602,Brookhaven,Mississippi,MS,Lincoln
39704,Columbus,Mississippi,MS,Lowndes
39813,Arlington,Georgia,GA,Columbia
39886,Shellman,Georgia,GA,Calhoun
40048,Nazareth,Kentucky,KY,Nelson
40117,Ekron,Kentucky,KY,Meade
40205,Louisville,Kentucky,KY,Jefferson
40252,Louisville,Kentucky,KY,Jefferson
40312,Clay City,Kentucky,KY,Powell
40371,Salt Lick,Kentucky,KY,Bath
40460,Orlando,Kentucky,KY,Rockcastle
40524,Lexington,Kentucky,KY,Fayette
40724,Bush,Kentucky,KY,Laurel
40828,Evarts,Kentucky,KY,Harlan
40935,Flat Lick,Kentucky,KY,Knox
41010,Corinth,Kentucky,KY,Grant
41059,Melbourne,Kentucky,KY,Campbell
41128,Carter,Kentucky,KY,Carter
41222,Hagerhill,Kentucky,KY,Johnson
41351,Mistletoe,Kentucky,KY,Owsley
41524,Fedscreek,Kentucky,KY,Pike
41572,Virgie,Kentucky,KY,Pike
41666,Wayland,Kentucky,KY,Floyd
41772,Vest,Kentucky,KY,Knott
41847,Redfox,Kentucky,KY,Knott
42047,Hampton,Kentucky,KY,Livingston
42120,Adolphus,Kentucky,KY,Allen
42206,Auburn,Kentucky,KY,Logan
42288,Woodbury,Kentucky,KY,Butler
42356,Maple Mount,Kentucky,KY,Daviess
42450,Providence,Kentucky,KY,Webster
42603,Alpha,Kentucky,KY,Clinton
42743,Greensburg,Kentucky,KY,Green
43017,Dublin,Ohio,OH,Franklin
43062,Pataskala,Ohio,OH,Licking
43112,Carroll,Ohio,OH,Fairfield
43157,Thurston,Ohio,OH,Fairfield
43228,Columbus,Ohio,OH,Franklin
43323,Harpster,Ohio,OH,Wyandot
43406,Bradner,Ohio,OH,Wood
43458,Rocky Ridge,Ohio,OH,Ottawa
43529,Hoytville,Ohio,OH,Wood
43571,Whitehouse,Ohio,OH,Lucas
43697,Toledo,Ohio,OH,Lucas
43750,Kipling,Ohio,OH,Guernsey
43805,Blissfield,Ohio,OH,Coshocton
43925,East Springfield,Ohio,OH,Jefferson
43970,Wolf Run,Ohio,OH,Jefferson
44039,North Ridgeville,Ohio,OH,Lorain
44084,Rock Creek,Ohio,OH,Ashtabula
44119,Cleveland,Ohio,OH,Cuyahoga
44190,Cleveland,Ohio,OH,Cuyahoga
44241,Streetsboro,Ohio,OH,Portage
44304,Akron,Ohio,OH,Summit
44410,Cortland,Ohio,OH,Trumbull
44451,North Jackson,Ohio,OH,Mahoning
44515,Youngstown,Ohio,OH,Mahoning
44639,Leesville,Ohio,OH,Carroll
44679,Stillwater,Ohio,OH,Tuscarawas
44750,Canton,Ohio,OH,Stark
44844,Mc Cutchenville,Ohio,OH,Wyandot
44889,Wakeman,Ohio,OH,Huron
45052,North Bend,Ohio,OH,Hamilton
45123,Greenfield,Ohio,OH,Highland
45177,Wilmington,Ohio,OH,Clinton
45234,Cincinnati,Ohio,OH,Hamilton
45274,Cincinnati,Ohio,OH,Hamilton
45327,Germantown,Ohio,OH,Montgomery
45362,Rossburg,Ohio,OH,Darke
45413,Dayton,Ohio,OH,Montgomery
45482,Dayton,Ohio,OH,Montgomery
45644,Kingston,Ohio,OH,Ross
45685,Thurman,Ohio,OH,Gallia
45739,Hockingport,Ohio,OH,Athens
45789,Wingett Run,Ohio,OH,Washington
45840,Findlay,Ohio,OH,Hancock
45876,Ottoville,Ohio,OH,Putnam
46030,Arcadia,Indiana,IN,Hamilton
46069,Sheridan,Indiana,IN,Hamilton
46129,Finly,Indiana,IN,Hancock
46173,Rushville,Indiana,IN,Rush
46229,Indianapolis,Indiana,IN,Marion
46285,Indianapolis,Indiana,IN,Marion
46352,La Porte,Indiana,IN,LaPorte
46406,Gary,Indiana,IN,Lake
46542,Milford,Indiana,IN,Kosciusko
46619,South Bend,Indiana,IN,St. Joseph
46743,Harlan,Indiana,IN,Allen
46787,South Whitley,Indiana,IN,Whitley
46853,Fort Wayne,Indiana,IN,Allen
46915,Burlington,Indiana,IN,Carroll
46958,Mexico,Indiana,IN,Miami
47006,Batesville,Indiana,IN,Ripley
47107,Bradford,Indiana,IN,Harrison
47145,Milltown,Indiana,IN,Crawford
47231,Dupont,Indiana,IN,Jefferson
47308,Muncie,Indiana,IN,Delaware
47361,Mount Summit,Indiana,IN,Henry
47408,Bloomington,Indiana,IN,Monroe
47462,Springville,Indiana,IN,Lawrence
47545,Ireland,Indiana,IN,Dubois
47597,Wheatland,Indiana,IN,Knox
47701,Evansville,Indiana,IN,Vanderburgh
47801,Terre Haute,Indiana,IN,Vigo
47859,Marshall,Indiana,IN,Parke
47918,Attica,Indiana,IN,Fountain
47964,Mount Ayr,Indiana,IN,Newton
48004,Anchorville,Michigan,MI,St. Clair
48047,New Baltimore,Michigan,MI,Macomb
48088,Warren,Michigan,MI,Macomb
48123,Dearborn,Michigan,MI,Wayne
48164,New Boston,Michigan,MI,Wayne
48203,Highland Park,Michigan,MI,Wayne
48235,Detroit,Michigan,MI,Wayne
48311,Sterling Heights,Michigan,MI,Macomb
48350,Davisburg,Michigan,MI,Oakland
48414,Bancroft,Michigan,MI,Shiawassee
48453,Marlette,Michigan,MI,Sanilac
48529,Burton,Michigan,MI,Genesee
48622,Farwell,Michigan,MI,Clare
48661,West Branch,Michigan,MI,Ogemaw
48739,Hale,Michigan,MI,Iosco
48806,Ashley,Michigan,MI,Gratiot
48842,Holt,Michigan,MI,Ingham
48877,Riverdale,Michigan,MI,Gratiot
48918,Lansing,Michigan,MI,Ingham
49022,Benton Harbor,Michigan,MI,Berrien
49058,Hastings,Michigan,MI,Barry
49093,Three Rivers,Michigan,MI,St. Joseph
49221,Adrian,Michigan,MI,Lenawee
49261,Napoleon,Michigan,MI,Jackson
49309,Bitely,Michigan,MI,Newaygo
49344,Shelbyville,Michigan,MI,Allegan
49425,Holton,Michigan,MI,Muskegon
49463,Sylvan Beach,Michigan,MI,Muskegon
49610,Acme,Michigan,MI,Grand Traverse
49644,Irons,Michigan,MI,Lake
49686,Traverse City,Michigan,MI,Grand Traverse
49735,Gaylord,Michigan,MI,Otsego
49777,Presque Isle,Michigan,MI,Presque Isle
49822,Deerton,Michigan,MI,Alger
49871,Palmer,Michigan,MI,Marquette
49917,Copper City,Michigan,MI,Houghton
49968,Wakefield,Michigan,MI,Gogebic
50037,Boone,Iowa,IA,Boone
50071,Dows,Iowa,IA,Wright
50128,Jamaica,Iowa,IA,Guthrie
50161,Maxwell,Iowa,IA,Story
50228,Prairie City,Iowa,IA,Jasper
50263,Waukee,Iowa,IA,Dallas
50319,Des Moines,Iowa,IA,Polk
50393,Des Moines,Iowa,IA,Polk
50452,Latimer,Iowa,IA,Franklin
50511,Algona,Iowa,IA,Kossuth
50548,Humboldt,Iowa,IA,Humboldt
50590,Swea City,Iowa,IA,Kossuth
50628,Elma,Iowa,IA,Howard
50666,Plainfield,Iowa,IA,Bremer
50845,Diagonal,Iowa,IA,Ringgold
51011,Chatsworth,Iowa,IA,Sioux
51049,Quimby,Iowa,IA,Cherokee
51241,Larchwood,Iowa,IA,Lyon
51366,Webb,Iowa,IA,Clay
51467,Westside,Iowa,IA,Crawford
51552,Marne,Iowa,IA,Cass
51637,College Springs,Iowa,IA,Page
52044,Elkport,Iowa,IA,Clayton
52134,Chester,Iowa,IA,Howard
52203,Amana,Iowa,IA,Iowa
52240,Iowa City,Iowa,IA,Johnson
52321,Onslow,Iowa,IA,Jones
52356,Wellman,Iowa,IA,Washington
52549,Cincinnati,Iowa,IA,Appanoose
52590,Seymour,Iowa,IA,Wayne
52652,Swedesburg,Iowa,IA,Henry
52750,Goose Lake,Iowa,IA,Clinton
52809,Davenport,Iowa,IA,Scott
53036,Ixonia,Wisconsin,WI,Jefferson
53076,Richfield,Wisconsin,WI,Washington
53120,East Troy,Wisconsin,WI,Walworth
53168,Salem,Wisconsin,WI,Kenosha
53211,Milwaukee,Wisconsin,WI,Milwaukee
53401,Racine,Wisconsin,WI,Racine
53530,Darlington,Wisconsin,WI,Lafayette
53565,Mineral Point,Wisconsin,WI,Iowa
53702,Madison,Wisconsin,WI,Dane
53793,Madison,Wisconsin,WI,Dane
53923,Cambria,Wisconsin,WI,Columbia
53957,Randolph,Wisconsin,WI,Columbia
54026,Star Prairie,Wisconsin,WI,Polk
54139,Lena,Wisconsin,WI,Oconto
54207,Collins,Wisconsin,WI,Manitowoc
54307,Green Bay,Wisconsin,WI,Brown
54428,Elcho,Wisconsin,WI,Langlade
54466,Pittsville,Wisconsin,WI,Wood
54514,Butternut,Wisconsin,WI,Ashland
54557,Presque Isle,Wisconsin,WI,Vilas
54629,Fountain City,Wisconsin,WI,Buffalo
54664,Viola,Wisconsin,WI,Vernon
54743,Gilmanton,Wisconsin,WI,Buffalo
54810,Balsam Lake,Wisconsin,WI,Polk
54848,Ladysmith,Wisconsin,WI,Rusk
54902,Oshkosh,Wisconsin,WI,Winnebago
54946,King,Wisconsin,WI,Waupaca
54990,Iola,Wisconsin,WI,Waupaca
55040,Isanti,Minnesota,MN,Isanti
55079,Stacy,Minnesota,MN,Chisago
55122,Saint Paul,Minnesota,MN,Dakota
55311,Maple Grove,Minnesota,MN,Hennepin
55344,Eden Prairie,Minnesota,MN,Hennepin
55378,Savage,Minnesota,MN,Scott
55414,Minneapolis,Minnesota,MN,Hennepin
55446,Minneapolis,Minnesota,MN,Hennepin
55571,Maple Plain,Minnesota,MN,Hennepin
55703,Angora,Minnesota,MN,St. Louis
55744,Grand Rapids,Minnesota,MN,Itasca
55786,Taconite,Minnesota,MN,Itasca
55912,Austin,Minnesota,MN,Mower
55953,Lyle,Minnesota,MN,Mower
55992,Zumbrota,Minnesota,MN,Goodhue
56041,Hanska,Minnesota,MN,Brown
56084,Searles,Minnesota,MN,Brown
56136,Hendricks,Minnesota,MN,Lincoln
56171,Sherburn,Minnesota,MN,Martin
56227,Correll,Minnesota,MN,Big Stone
56271,Murdock,Minnesota,MN,Swift
56312,Belgrade,Minnesota,MN,Stearns
56347,Long Prairie,Minnesota,MN,Todd
56386,Wahkon,Minnesota,MN,Mille Lacs
56455,Ironton,Minnesota,MN,Crow Wing
56521,Callaway,Minnesota,MN,Becker
56560,Moorhead,Minnesota,MN,Clay
56594,Wolverton,Minnesota,MN,Wilkin
56662,Outing,Minnesota,MN,Cass
56723,Fisher,Minnesota,MN,Polk
56901,Washington,District of Columbia,DC,District of Columbia
57032,Harrisburg,South Dakota,SD,Lincoln
57067,Utica,South Dakota,SD,Yankton
57218,Brandt,South Dakota,SD,Deuel
57259,Revillo,South Dakota,SD,Grant
57328,Corsica,South Dakota,SD,Douglas
57369,Platte,South Dakota,SD,Charles Mix
57437,Eureka,South Dakota,SD,McPherson
57479,Warner,South Dakota,SD,Brown
57567,Philip,South Dakota,SD,Haakon
57645,Morristown,South Dakota,SD,Corson
57741,Fort Meade,South Dakota,SD,Meade
57788,Vale,South Dakota,SD,Butte
58040,Gwinner,North Dakota,ND,Sargent
58078,West Fargo,North Dakota,ND,Cass
58223,Cummings,North Dakota,ND,Traill
58267,Northwood,North Dakota,ND,Grand Forks
58341,Harvey,North Dakota,ND,Wells
58402,Jamestown,North Dakota,ND,Stutsman
58456,Kulm,North Dakota,ND,LaMoure
58504,Bismarck,North Dakota,ND,Burleigh
58566,Saint Anthony,North Dakota,ND,Morton
58643,Marmarth,North Dakota,ND,Slope
58733,Des Lacs,North Dakota,ND,Ward
58781,Sawyer,North Dakota,ND,Ward
59004,Ashland,Montana,MT,Rosebud
59043,Lame Deer,Montana,MT,Rosebud
59082,Springdale,Montana,MT,Park
59222,Flaxville,Montana,MT,Daniels
59311,Alzada,Montana,MT,Carter
59403,Great Falls,Montana,MT,Cascade
59450,Highwood,Montana,MT,Chouteau
59521,Box Elder,Montana,MT,Hill
59634,Clancy,Montana,MT,Jefferson
59728,Elliston,Montana,MT,Powell
59803,Missoula,Montana,MT,Missoula
59853,Noxon,Montana,MT,Sanders
59920,Kila,Montana,MT,Flathead
60017,Des Plaines,Illinois,IL,Cook
60061,Vernon Hills,Illinois,IL,Lake
60097,Wonder Lake,Illinois,IL,McHenry
60133,Hanover Park,Illinois,IL,DuPage
60169,Hoffman Estates,Illinois,IL,Cook
60208,Evanston,Illinois,IL,Cook
60430,Homewood,Illinois,IL,Cook
60462,Orland Park,Illinois,IL,Cook
60507,Aurora,Illinois,IL,Kane
60546,Riverside,Illinois,IL,Cook
60607,Chicago,Illinois,IL,Cook
60641,Chicago,Illinois,IL,Cook
60685,Chicago,Illinois,IL,Cook
60920,Campus,Illinois,IL,Livingston
60957,Paxton,Illinois,IL,Ford
61027,Eleroy,Illinois,IL,Stephenson
61070,Rock City,Illinois,IL,Stephenson
61126,Rockford,Illinois,IL,Winnebago
61263,Matherville,Illinois,IL,Mercer
61322,Depue,Illinois,IL,Bureau
61361,Sheffield,Illinois,IL,Bureau
61423,Cameron,Illinois,IL,Warren
61462,Monmouth,Illinois,IL,Warren
61524,Dunfermline,Illinois,IL,Fulton
61562,Rome,Illinois,IL,Peoria
61638,Peoria,Illinois,IL,Peoria
61735,Dewitt,Illinois,IL,De Witt
61775,Strawn,Illinois,IL,Livingston
61841,Fairmount,Illinois,IL,Vermilion
61878,Thomasboro,Illinois,IL,Champaign
61955,Vermilion,Illinois,IL,Edgar
62037,Grafton,Illinois,IL,Jersey
62081,Rockbridge,Illinois,IL,Greene
62221,Belleville,Illinois,IL,St. Clair
62259,Menard,Illinois,IL,Randolph
62301,Quincy,Illinois,IL,Adams
62353,Mount Sterling,Illinois,IL,Brown
62422,Cowden,Illinois,IL,Shelby
62461,Shumway,Illinois,IL,Effingham
62524,Decatur,Illinois,IL,Macon
62563,Rochester,Illinois,IL,Sangamon
62642,Greenview,Illinois,IL,Menard
62690,Virden,Illinois,IL,Macoupin
62767,Springfield,Illinois,IL,Sangamon
62829,Dale,Illinois,IL,Hamilton
62864,Mount Vernon,Illinois,IL,Jefferson
62897,Whittington,Illinois,IL,Franklin
62935,Galatia,Illinois,IL,Saline
62972,Ozark,Illinois,IL,Johnson
63019,Crystal City,Missouri,MO,Jefferson
63056,Leslie,Missouri,MO,Franklin
63110,Saint Louis,Missouri,MO,St. Louis (city)
63143,Saint Louis,Missouri,MO,St. Louis
63332,Augusta,Missouri,MO,Saint Charles
63377,Silex,Missouri,MO,Lincoln
63448,La Grange,Missouri,MO,Lewis
63537,Edina,Missouri,MO,Knox
63626,Blackwell,Missouri,MO,St. Francois
63703,Cape Girardeau,Missouri,MO,Cape Girardeau
63779,Pocahontas,Missouri,MO,Cape Girardeau
63851,Hayti,Missouri,MO,Pemiscot
63938,Fagus,Missouri,MO,Butler
64018,Camden Point,Missouri,MO,Platte
64068,Liberty,Missouri,MO,Clay
64109,Kansas City,Missouri,MO,Jackson
64147,Kansas City,Missouri,MO,Jackson
64198,Kansas City,Missouri,MO,Jackson
64453,Gentry,Missouri,MO,Gentry
64491,Tarkio,Missouri,MO,Atchison
64640,Gallatin,Missouri,MO,Daviess
64680,Stet,Missouri,MO,Carroll
64755,Jasper,Missouri,MO,Jasper
64836,Carthage,Missouri,MO,Jasper
65013,Belle,Missouri,MO,Maries
65059,Mokane,Missouri,MO,Callaway
65110,Jefferson City,Missouri,MO,Cole
65259,Huntsville,Missouri,MO,Randolph
65327,Emma,Missouri,MO,Lafayette
65446,Cherryville,Missouri,MO,Crawford
65555,Raymondville,Missouri,MO,Texas
65614,Bradleyville,Missouri,MO,Taney
65652,Fordland,Missouri,MO,Webster
65704,Mansfield,Missouri,MO,Wright
65741,Rockbridge,Missouri,MO,Ozark
65783,Windyville,Missouri,MO,Dallas
66013,Bucyrus,Kansas,KS,Miami
66052,Linwood,Kansas,KS,Leavenworth
66097,Winchester,Kansas,KS,Jefferson
66216,Shawnee,Kansas,KS,Johnson
66416,Circleville,Kansas,KS,Jackson
66510,Melvern,Kansas,KS,Osage
66549,Westmoreland,Kansas,KS,Pottawatomie
66683,Topeka,Kansas,KS,Shawnee
66756,Mulberry,Kansas,KS,Crawford
66843,Cedar Point,Kansas,KS,Chase
66936,Burr Oak,Kansas,KS,Jewell
67004,Argonia,Kansas,KS,Sumner
67050,Garden Plain,Kansas,KS,Sedgwick
67110,Mulvane,Kansas,KS,Sumner
67159,Zenda,Kansas,KS,Kingman
67277,Wichita,Kansas,KS,Sedgwick
67416,Assaria,Kansas,KS,Saline
67458,Longford,Kansas,KS,Clay
67515,Arnold,Kansas,KS,Ness
67567,Pawnee Rock,Kansas,KS,Barton
67643,Jennings,Kansas,KS,Decatur
67734,Gem,Kansas,KS,Thomas
67841,Ensign,Kansas,KS,Gray
67950,Elkhart,Kansas,KS,Morton
68037,Louisville,Nebraska,NE,Cass
68103,Omaha,Nebraska,NE,Douglas
68142,Omaha,Nebraska,NE,Douglas
68319,Bradshaw,Nebraska,NE,York
68352,Fairbury,Nebraska,NE,Jefferson
68409,Murray,Nebraska,NE,Cass
68448,Talmage,Nebraska,NE,Otoe
68521,Lincoln,Nebraska,NE,Lancaster
68638,Fullerton,Nebraska,NE,Nance
68716,Beemer,Nebraska,NE,Cuming
68752,Meadow Grove,Nebraska,NE,Madison
68789,Winnetoon,Nebraska,NE,Knox
68840,Gibbon,Nebraska,NE,Buffalo
68876,Shelton,Nebraska,NE,Buffalo
68946,Hendley,Nebraska,NE,Furnas
69020,Bartley,Nebraska,NE,Red Willow
69127,Brule,Nebraska,NE,Keith
69165,Sutherland,Nebraska,NE,Lincoln
69347,Hay Springs,Nebraska,NE,Sheridan
70038,Boothville,Louisiana,LA,Plaquemines Parish
70078,New Sarpy,Louisiana,LA,St. Charles
70128,New Orleans,Louisiana,LA,Orleans
70176,New Orleans,Louisiana,LA,Orleans
70359,Gray,Louisiana,LA,Terrebonne
70434,Covington,Louisiana,LA,St. Tammany
70469,Slidell,Louisiana,LA,St. Tammany
70531,Egan,Louisiana,LA,Acadia
70578,Rayne,Louisiana,LA,Acadia
70639,Evans,Louisiana,LA,Vernon
70714,Baker,Louisiana,LA,East Baton Rouge Parish
70757,Maringouin,Louisiana,LA,Iberville
70804,Baton Rouge,Louisiana,LA,East Baton Rouge Parish
70891,Baton Rouge,Louisiana,LA,East Baton Rouge Parish
71040,Homer,Louisiana,LA,Claiborne
71102,Shreveport,Louisiana,LA,Caddo Parish
71161,Shreveport,Louisiana,LA,Caddo Parish
71235,Dubach,Louisiana,LA,Lincoln
71282,Tallulah,Louisiana,LA,Madison
71342,Jena,Louisiana,LA,La Salle
71406,Belmont,Louisiana,LA,Sabine
71448,Longleaf,Louisiana,LA,Rapides
71601,Pine Bluff,Arkansas,AR,Jefferson
71667,Star City,Arkansas,AR,Lincoln
71758,Mount Holly,Arkansas,AR,Union
71847,Mc Caskill,Arkansas,AR,Hempstead
71941,Donaldson,Arkansas,AR,Hot Spring
72006,Augusta,Arkansas,AR,Woodruff
72040,Des Arc,Arkansas,AR,Prairie
72079,Jefferson,Arkansas,AR,Jefferson
72122,Paron,Arkansas,AR,Saline
72166,Tichnor,Arkansas,AR,Arkansas
72221,Little Rock,Arkansas,AR,Pulaski
72338,Frenchmans Bayou,Arkansas,AR,Mississippi
72386,Tyronza,Arkansas,AR,Poinsett
72432,Harrisburg,Arkansas,AR,Poinsett
72470,Success,Arkansas,AR,Clay
72536,Franklin,Arkansas,AR,Izard
72581,Tumbling Shoals,Arkansas,AR,Cleburne
72648,Marble Falls,Arkansas,AR,Newton
72712,Bentonville,Arkansas,AR,Benton
72757,Rogers,Arkansas,AR,Benton
72838,Gravelly,Arkansas,AR,Yell
72919,Fort Smith,Arkansas,AR,Sebastian
73002,Alex,Oklahoma,OK,Grady
73034,Edmond,Oklahoma,OK,Oklahoma
73070,Norman,Oklahoma,OK,Cleveland
73109,Oklahoma City,Oklahoma,OK,Oklahoma
73143,Oklahoma City,Oklahoma,OK,Oklahoma
73194,Oklahoma City,Oklahoma,OK,Oklahoma
73459,Thackerville,Oklahoma,OK,Love
73541,Fletcher,Oklahoma,OK,Comanche
73620,Arapaho,Oklahoma,OK,Custer
73673,Willow,Oklahoma,OK,Greer
73749,Jet,Oklahoma,OK,Alfalfa
73851,May,Oklahoma,OK,Harper
74011,Broken Arrow,Oklahoma,OK,Tulsa
74046,Milfay,Oklahoma,OK,Creek
74083,Wann,Oklahoma,OK,Nowata
74141,Tulsa,Oklahoma,OK,Tulsa
74340,Disney,Oklahoma,OK,Mayes
74426,Checotah,Oklahoma,OK,McIntosh
74463,Taft,Oklahoma,OK,Muskogee
74553,Kiowa,Oklahoma,OK,Pittsburg
74643,Lamont,Oklahoma,OK,Grant
74748,Kenefic,Oklahoma,OK,Bryan
74842,Fittstown,Oklahoma,OK,Pontotoc
74930,Bokoshe,Oklahoma,OK,Le Flore
75006,Carrollton,Texas,TX,Dallas
75044,Garland,Texas,TX,Dallas
75083,Richardson,Texas,TX,Dallas
75125,Ferris,Texas,TX,Ellis
75166,Lavon,Texas,TX,Collin
75222,Dallas,Texas,TX,Dallas
75261,Dallas,Texas,TX,Dallas
75368,Dallas,Texas,TX,Dallas
75415,Ben Franklin,Texas,TX,Delta
75451,Leesburg,Texas,TX,Camp
75489,Tom Bean,Texas,TX,Grayson
75571,Omaha,Texas,TX,Morris
75654,Henderson,Texas,TX,Rusk
75703,Tyler,Texas,TX,Smith
75780,New Summerfield,Texas,TX,Cherokee
75852,Midway,Texas,TX,Madison
75939,Corrigan,Texas,TX,Polk
76001,Arlington,Texas,TX,Tarrant
76043,Glen Rose,Texas,TX,Somervell
76093,Rio Vista,Texas,TX,Johnson
76127,Naval Air Station Jrb,Texas,TX,Tarrant
76198,Fort Worth,Texas,TX,Tarrant
76253,Myra,Texas,TX,Cooke
76365,Henrietta,Texas,TX,Clay
76444,De Leon,Texas,TX,Comanche
76485,Peaster,Texas,TX,Parker
76543,Killeen,Texas,TX,Bell
76626,Blooming Grove,Texas,TX,Navarro
76664,Mart,Texas,TX,McLennan
76712,Woodway,Texas,TX,McLennan
76855,Lowake,Texas,TX,Concho
76905,San Angelo,Texas,TX,Tom Green
77010,Houston,Texas,TX,Harris
77042,Houston,Texas,TX,Harris
77074,Houston,Texas,TX,Harris
77208,Houston,Texas,TX,Harris
77244,Houston,Texas,TX,Harris
77287,Houston,Texas,TX,Harris
77340,Huntsville,Texas,TX,Walker
77376,Votaw,Texas,TX,Hardin
77420,Boling,Texas,TX,Wharton
77458,Midfield,Texas,TX,Matagorda
77493,Katy,Texas,TX,Harris
77536,Deer Park,Texas,TX,Harris
77582,Raywood,Texas,TX,Liberty
77641,Port Arthur,Texas,TX,Jefferson
77805,Bryan,Texas,TX,Brazos
77868,Navasota,Texas,TX,Grimes
77974,Meyersville,Texas,TX,DeWitt
78015,Boerne,Texas,TX,Bexar
78063,Pipe Creek,Texas,TX,Bandera
78125,Mineral,Texas,TX,Bee
78206,San Antonio,Texas,TX,Bexar
78238,San Antonio,Texas,TX,Bexar
78279,San Antonio,Texas,TX,Bexar
78352,Edroy,Texas,TX,San Patricio
78393,Woodsboro,Texas,TX,Refugio
78502,Mcallen,Texas,TX,Hidalgo
78562,La Villa,Texas,TX,Hidalgo
78597,South Padre Island,Texas,TX,Cameron
78633,Georgetown,Texas,TX,Williamson
78669,Spicewood,Texas,TX,Travis
78721,Austin,Texas,TX,Travis
78755,Austin,Texas,TX,Travis
78837,Comstock,Texas,TX,Val Verde
78940,Fayetteville,Texas,TX,Fayette
79013,Cactus,Texas,TX,Moore
79058,Masterson,Texas,TX,Moore
79101,Amarillo,Texas,TX,Potter
79226,Clarendon,Texas,TX,Donley
79322,Crosbyton,Texas,TX,Crosby
79371,Sudan,Texas,TX,Lamb
79464,Lubbock,Texas,TX,Lubbock
79537,Nolan,Texas,TX,Nolan
79699,Abilene,Texas,TX,Taylor
79749,Lenorah,Texas,TX,Martin
79832,Alpine,Texas,TX,Brewster
79915,El Paso,Texas,TX,El Paso
79951,El Paso,Texas,TX,El Paso
80017,Aurora,Colorado,CO,Arapahoe
80107,Elizabeth,Colorado,CO,Elbert
80160,Littleton,Colorado,CO,Arapahoe
80228,Denver,Colorado,CO,Jefferson
80271,Denver,Colorado,CO,Denver
80428,Clark,Colorado,CO,Routt
80468,Parshall,Colorado,CO,Grand
80521,Fort Collins,Colorado,CO,Larimer
80610,Ault,Colorado,CO,Weld
80721,Amherst,Colorado,CO,Phillips
80804,Arriba,Colorado,CO,Lincoln
80841,Usaf Academy,Colorado,CO,El Paso
80926,Colorado Springs,Colorado,CO,El Paso
81005,Pueblo,Colorado,CO,Pueblo
81052,Lamar,Colorado,CO,Prowers
81128,Chromo,Colorado,CO,Archuleta
81224,Crested Butte,Colorado,CO,Gunnison
81327,Lewis,Colorado,CO,Montezuma
81434,Somerset,Colorado,CO,Gunnison
81633,Dinosaur,Colorado,CO,Moffat
82050,Albin,Wyoming,WY,Laramie
82224,Lost Springs,Wyoming,WY,Converse
82428,Hyattville,Wyoming,WY,Big Horn
82636,Evansville,Wyoming,WY,Natrona
82833,Big Horn,Wyoming,WY,Sheridan
83001,Jackson,Wyoming,WY,Teton
83210,Aberdeen,Idaho,ID,Bingham
83253,May,Idaho,ID,Lemhi
83325,Eden,Idaho,ID,Jerome
83415,Idaho Falls,Idaho,ID,Bonneville
83463,Gibbonsville,Idaho,ID,Lemhi
83553,Weippe,Idaho,ID,Clearwater
83639,Marsing,Idaho,ID,Owyhee
83704,Boise,Idaho,ID,Ada
83808,Calder,Idaho,ID,Shoshone
83848,Nordman,Idaho,ID,Bonner
84007,Bluebell,Utah,UT,Duchesne
84042,Lindon,Utah,UT,Utah
84075,Syracuse,Utah,UT,Davis
84110,Salt Lake City,Utah,UT,Salt Lake
84148,Salt Lake City,Utah,UT,Salt Lake
84318,Hyde Park,Utah,UT,Cache
84412,Ogden,Utah,UT,Weber
84603,Provo,Utah,UT,Utah
84651,Payson,Utah,UT,Utah
84730,Glenwood,Utah,UT,Sevier
84763,Rockville,Utah,UT,Washington
85013,Phoenix,Arizona,AZ,Maricopa
85045,Phoenix,Arizona,AZ,Maricopa
85097,Phoenix,Arizona,AZ,Maricopa
85206,Mesa,Arizona,AZ,Maricopa
85261,Scottsdale,Arizona,AZ,Maricopa
85308,Glendale,Arizona,AZ,Maricopa
85347,Roll,Arizona,AZ,Yuma
85381,Peoria,Arizona,AZ,Maricopa
85553,Tonto Basin,Arizona,AZ,Gila
85633,Sasabe,Arizona,AZ,Pima
85710,Tucson,Arizona,AZ,Pima
85744,Tucson,Arizona,AZ,Pima
85935,Pinetop,Arizona,AZ,Navajo
86036,Marble Canyon,Arizona,AZ,Coconino
86332,Kirkland,Arizona,AZ,Yavapai
86436,Topock,Arizona,AZ,Mohave
87002,Belen,New Mexico,NM,Valencia
87038,New Laguna,New Mexico,NM,Cibola
87108,Albuquerque,New Mexico,NM,Bernalillo
87194,Albuquerque,New Mexico,NM,Bernalillo
87410,Aztec,New Mexico,NM,San Juan
87520,Chama,New Mexico,NM,Rio Arriba
87562,Rowe,New Mexico,NM,San Miguel
87729,Miami,New Mexico,NM,Colfax
87931,Caballo,New Mexico,NM,Sierra
88031,Deming,New Mexico,NM,Luna
88103,Cannon Afb,New Mexico,NM,Curry
88240,Hobbs,New Mexico,NM,Lea
88338,Lincoln,New Mexico,NM,Lincoln
88430,Nara Visa,New Mexico,NM,Quay
88538,El Paso,Texas,TX,El Paso
88573,El Paso,Texas,TX,El Paso
89012,Henderson,Nevada,NV,Clark
89046,Searchlight,Nevada,NV,Clark
89115,Las Vegas,Nevada,NV,Clark
89147,Las Vegas,Nevada,NV,Clark
89199,Las Vegas,Nevada,NV,Clark
89426,Paradise Valley,Nevada,NV,Humboldt
89506,Reno,Nevada,NV,Washoe
89803,Elko,Nevada,NV,Elko
90017,Los Angeles,California,CA,Los Angeles
90049,Los Angeles,California,CA,Los Angeles
90081,Los Angeles,California,CA,Los Angeles
90239,Downey,California,CA,Los Angeles
90295,Marina Del Rey,California,CA,Los Angeles
90508,Torrance,California,CA,Los Angeles
90670,Santa Fe Springs,California,CA,Los Angeles
90749,Carson,California,CA,Los Angeles
91006,Arcadia,California,CA,Los Angeles
91110,Pasadena,California,CA,Los Angeles
91225,Glendale,California,CA,Los Angeles
91341,San Fernando,California,CA,Los Angeles
91386,Canyon Country,California,CA,Los Angeles
91503,Burbank,California,CA,Los Angeles
91709,Chino Hills,California,CA,San Bernardino
91758,Ontario,California,CA,San Bernardino
91896,Alhambra,California,CA,Los Angeles
91962,Pine Valley,California,CA,San Diego
92037,La Jolla,California,CA,San Diego
92084,Vista,California,CA,San Diego
92126,San Diego,California,CA,San Diego
92168,San Diego,California,CA,San Diego
92225,Blythe,California,CA,Riverside
92263,Palm Springs,California,CA,Riverside
92317,Blue Jay,California,CA,San Bernardino
92358,Lytle Creek,California,CA,San Bernardino
92404,San Bernardino,California,CA,San Bernardino
92532,Lake Elsinore,California,CA,Riverside
92590,Temecula,California,CA,Riverside
92646,Huntington Beach,California,CA,Orange
92692,Mission Viejo,California,CA,Orange
92814,Anaheim,California,CA,Orange
92865,Orange,California,CA,Orange
93016,Fillmore,California,CA,Ventura
93106,Santa Barbara,California,CA,Santa Barbara
93221,Exeter,California,CA,Tulare
93261,Richgrove,California,CA,Tulare
93308,Bakersfield,California,CA,Kern
93428,Cambria,California,CA,San Luis Obispo
93464,Solvang,California,CA,Santa Barbara
93542,Little Lake,California,CA,Inyo
93607,Burrel,California,CA,Fresno
93642,Mono Hot Springs,California,CA,Fresno
93706,Fresno,California,CA,Fresno
93761,Fresno,California,CA,Fresno
93924,Carmel Valley,California,CA,Monterey
94024,Los Altos,California,CA,Santa Clara
94103,San Francisco,California,CA,City and County of San Francisco
94140,San Francisco,California,CA,City and County of San Francisco
94237,Sacramento,California,CA,Sacramento
94286,Sacramento,California,CA,Sacramento
94509,Antioch,California,CA,Contra Costa
94542,Hayward,California,CA,Alameda
94575,Moraga,California,CA,Contra Costa
94611,Oakland,California,CA,Alameda
94802,Richmond,California,CA,Contra Costa
94941,Mill Valley,California,CA,Marin
95001,Aptos,California,CA,Santa Cruz
95041,Mount Hermon,California,CA,Santa Cruz
95110,San Jose,California,CA,Santa Clara
95151,San Jose,California,CA,Santa Clara
95212,Stockton,California,CA,San Joaquin
95254,Wallace,California,CA,Calaveras
95328,Keyes,California,CA,Stanislaus
95367,Riverbank,California,CA,Stanislaus
95412,Annapolis,California,CA,Sonoma
95450,Jenner,California,CA,Sonoma
95492,Windsor,California,CA,Sonoma
95551,Loleta,California,CA,Humboldt
95610,Citrus Heights,California,CA,Sacramento
95644,Kit Carson,California,CA,Amador
95679,Rumsey,California,CA,Yolo
95724,Norden,California,CA,Nevada
95825,Sacramento,California,CA,Sacramento
95913,Artois,California,CA,Glenn
95948,Gridley,California,CA,Butte
95982,Sutter,California,CA,Sutter
96029,Flournoy,California,CA,Tehama
96069,Oak Run,California,CA,Shasta
96109,Doyle,California,CA,Lassen
96145,Tahoe City,California,CA,Placer
96717,Hauula,Hawaii,HI,Honolulu
96753,Kihei,Hawaii,HI,Maui
96788,Pukalani,Hawaii,HI,Maui
96824,Honolulu,Hawaii,HI,Honolulu
96950,Saipan,,MP,Northern Mariana Islands
97030,Gresham,Oregon,OR,Multnomah
97070,Wilsonville,Oregon,OR,Clackamas
97128,Mcminnville,Oregon,OR,Yamhill
97214,Portland,Oregon,OR,Multnomah
97268,Portland,Oregon,OR,Clackamas
97325,Aumsville,Oregon,OR,Marion
97368,Otis,Oregon,OR,Lincoln
97410,Azalea,Oregon,OR,Douglas
97450,Langlois,Oregon,OR,Curry
97489,Walterville,Oregon,OR,Lane
97539,Shady Cove,Oregon,OR,Jackson
97708,Bend,Oregon,OR,Deschutes
97813,Athena,Oregon,OR,Umatilla
97861,Mikkalo,Oregon,OR,Gilliam
97917,Riverside,Oregon,OR,Malheur
98033,Kirkland,Washington,WA,King
98073,Redmond,Washington,WA,King
98125,Seattle,Washington,WA,King
98190,Seattle,Washington,WA,King
98240,Custer,Washington,WA,Whatcom
98278,Oak Harbor,Washington,WA,Island
98326,Clallam Bay,Washington,WA,Clallam
98361,Packwood,Washington,WA,Lewis
98396,Wilkeson,Washington,WA,Pierce
98447,Tacoma,Washington,WA,Pierce
98528,Belfair,Washington,WA,Mason
98568,Oakville,Washington,WA,Grays Harbor
98606,Brush Prairie,Washington,WA,Clark
98647,Skamokawa,Washington,WA,Wahkiakum
98815,Cashmere,Washington,WA,Chelan
98855,Tonasket,Washington,WA,Okanogan
98943,South Cle Elum,Washington,WA,Kittitas
99030,Rockford,Washington,WA,Spokane
99129,Fruitland,Washington,WA,Stevens
99166,Republic,Washington,WA,Ferry
99223,Spokane,Washington,WA,Spokane
99350,Prosser,Washington,WA,Benton
99519,Anchorage,Alaska,AK,Anchorage Municipality
99571,Cold Bay,Alaska,AK,Aleutians East
99614,Kipnuk,Alaska,AK,Bethel Census Area
99651,Platinum,Alaska,AK,Bethel Census Area
99684,Unalakleet,Alaska,AK,Nome (CA)
99725,Ester,Alaska,AK,Fairbanks North Star
99759,Point Lay,Alaska,AK,North Slope
99802,Juneau,Alaska,AK,Juneau City and Borough
